{
  "min": -0.723266605428741,
  "max": -0.34980096774397945,
  "fraud_mean": -0.6504223969642957,
  "normal_mean": -0.4192131741567075
}